"analisis","obra","relacion","fuente","carpeta","en_repo","motivo"
"3.2 · Tokeshi — Bandera VIII","Bandera VIII (Eduardo Tokeshi)","utilizada","Castillo, Rocío - Eduardo Tokeshi y sus fardos funerarios. La sangre llega al atelier [entrevista, sección Artes & Letras].md","Fuentes ET","sí","Fuente primaria de 1988: la meta-postura «el sentido crítico se adjudica en la recepción» y el relato de formación; sostiene rf-meta y c-formacion. Citada también por Buntinx y Vich."
"3.2 · Tokeshi — Bandera VIII","Bandera VIII (Eduardo Tokeshi)","utilizada","Buntinx - Los signos mesiánicos. Fardos y banderas en la obra de Eduardo Tokeshi durante la «República de Weimar peruana» 1980-1992.md","Cap 2 - Historia","sí","Recepción crítica central; postdata «la patria en cuidados intensivos», la sangre química infiltrada, la sal bíblica/salada, la peruanidad ilusa (rf-buntinx, c-cuidados, rf-friccion)."
"3.2 · Tokeshi — Bandera VIII","Bandera VIII (Eduardo Tokeshi)","utilizada","Vich - La violencia, la dictadura y la globalización. Arte y política en el Perú contemporáneo.md","Cap 2 - Historia","sí","Recepción crítica; «¿dónde está el enfermo?» y la interpelación fallida por desconexión (rf-vich)."
"3.2 · Tokeshi — Bandera VIII","Bandera VIII (Eduardo Tokeshi)","utilizada","Vich, V. (2015b). Noticia última: Los nuevos lenguajes de la memoria. En Poéticas del duelo (pp. 231-260). IEP.","externa","no","Se cita para anclar «interrupción» en el cierre; otro capítulo del mismo libro Poéticas del duelo, no presente como archivo suelto en el repo (r-vich2)."
"3.2 · Tokeshi — Bandera VIII","Bandera VIII (Eduardo Tokeshi)","utilizada","Ball - On Dicentization (2014) [Journal of Linguistic Anthropology].md","Teoría","sí","Dicentización (icono→índice): la semejanza con sangre se lee como conexión física; «hace pasar» el desangramiento."
"3.2 · Tokeshi — Bandera VIII","Bandera VIII (Eduardo Tokeshi)","utilizada","Gal, S. (2005). Language ideologies compared. Journal of Linguistic Anthropology, 15(1), 23-37.","externa","no","Rematización (índice→icono) que ejecutan las lecturas críticas; la edición citada es Gal 2005, distinta del Gal 2013 disponible en el repo (r-gal)."
"3.2 · Tokeshi — Bandera VIII","Bandera VIII (Eduardo Tokeshi)","utilizada","Stjernfelt - Diagrammatology. An Investigation on the Borderlines of Phenomenology, Ontology, and Semiotics (2007) [Synthese Library, ISBN 9781402056512, pp. 49-107, cap. 3 «How to Learn More. An Apology for a Strong Concept of Iconicity»].md","Teoría","sí","Diagrama operable: la transfusión que la forma promete se ejecuta mentalmente y revela el término final sustraído."
"3.2 · Tokeshi — Bandera VIII","Bandera VIII (Eduardo Tokeshi)","utilizada","Nakassis - A Linguistic Anthropology of Images (2023) [Annual Review of Anthropology 52, pp. 73-91].md","Teoría","sí","Calibración del índice (reportivo/nómico): por qué la pieza oscila entre crónica y alegoría."
"3.2 · Tokeshi — Bandera VIII","Bandera VIII (Eduardo Tokeshi)","utilizada","Larkin - The Politics and Poetics of Infrastructure (2013) [Annual Review of Anthropology 42, pp. 327-343].md","Teoría","sí","Infraestructura como forma relativamente autónoma con qualia propios cargados de sabor moral (rf-infra)."
"3.2 · Tokeshi — Bandera VIII","Bandera VIII (Eduardo Tokeshi)","utilizada","Star y Ruhleder - Steps Toward an Ecology of Infrastructure. Design and Access for Large Information Spaces (1996) [Information Systems Research 7(1), desde p. 111].md","Teoría","sí","La infraestructura se vuelve visible cuando se rompe; funda la lectura del mobiliario clínico averiado (rf-infra)."
"3.2 · Tokeshi — Bandera VIII","Bandera VIII (Eduardo Tokeshi)","utilizada","Keane - On Semiotic Ideology (2018) [Signs and Society].md","Teoría","sí","Las affordances como salvaguarda materialista del post-representacionalismo: «hay un ahí que ninguna lectura agota» (nx-crisis)."
"3.2 · Tokeshi — Bandera VIII","Bandera VIII (Eduardo Tokeshi)","utilizada","Koselleck, R. (1988). Critique and crisis. MIT Press. (Obra original 1959).","externa","no","Historia semántica de la solidaridad crítica/crisis; la crisis como operador y no como dato del mundo (nx-crisis)."
"3.2 · Tokeshi — Bandera VIII","Bandera VIII (Eduardo Tokeshi)","utilizada","Dondero, M. G. (2023). The experimental space of the diagram according to Peirce, Deleuze and Goodman. Semiotic Review, (9): Images.","externa","no","La diagramaticidad como efecto de las prácticas de recepción y no propiedad de la configuración visual."
"3.2 · Tokeshi — Bandera VIII","Bandera VIII (Eduardo Tokeshi)","utilizada","Nöth - Peirce's Iconicity and His Image-Diagram-Metaphor Triad Revisited. Complements to Stjernfelt's «Sheets, Diagrams, and Realism» (2024) [Semiotica 258, pp. 143-167].md","Teoría","sí","Un diagrama puro no transmite información sin índices; el diagrama necesita el índice para volverse informativo."
"3.2 · Tokeshi — Bandera VIII","Bandera VIII (Eduardo Tokeshi)","utilizada","Bourdieu - The Field of Cultural Production, or, The Economic World Reversed.md","Teoría","sí","Se invoca de pasada la teoría del campo para leer el relato de posición de Tokeshi (Bellas Artes/Católica, «paleta de la Católica») (d-bourdieu)."
"3.2 · Tokeshi — Bandera VIII","Bandera VIII (Eduardo Tokeshi)","utilizada","Watanabe, José - «El envío» (poema; probablemente Cosas del cuerpo, 1999).","externa","no","Poema parafraseado en el testimonio de 2012 (la sangre que viene de un colectivo); Tokeshi lo retitula «El regalo». Edición pendiente (g-watanabe)."
"3.2 · Tokeshi — Bandera VIII","Bandera VIII (Eduardo Tokeshi)","utilizada","Tokeshi, E. (2000). Bandera VIII [ficha del catálogo «Los signos mesiánicos», 2001].","externa","no","La obra analizada; ficha de materiales y medidas (miel, sal, colorantes, sangre RH−); colección/procedencia por confirmar (r-ficha, g-proc)."
"3.2 · Tokeshi — Bandera VIII","Bandera VIII (Eduardo Tokeshi)","utilizada","Entrevista - Tokeshi, Eduardo - sin fecha [refinada v1, correcciones sin verificar].transcripcion.md","Fuentes ET","sí","Testimonio de 2026: «estado límbico», la «sangre mentira», la sal/«saladera», el «marco teórico en acero inoxidable» y la escena de la señora."
"3.2 · Tokeshi — Bandera VIII","Bandera VIII (Eduardo Tokeshi)","utilizada","Registro - Tokeshi relata el origen de Bandera VIII, el club RH negativo y el poema de Watanabe [fragmento de transcripción sin procedencia].txt","Fuentes ET","sí","Testimonio de 2012: origen del club de donantes RH negativo, «somos una familia de negativos» y el poema de Watanabe."
"3.2 · Tokeshi — Bandera VIII","Bandera VIII (Eduardo Tokeshi)","utilizada","guia-tres-ejes.md","Fuentes ET","sí","Marco metodológico aplicado en todo el análisis: tres ejes (índice/ícono/símbolo), dicentización, rematización y el criterio abductivo (rf-centro, rf-abduccion)."
"3.2 · Tokeshi — Bandera VIII","Bandera VIII (Eduardo Tokeshi)","sugerida","Munive Maco - Una espera en tres actos. Vientres grávidos y gravitantes en la obra de Johanna Hamann (2017) [Illapa Mana Tukukuq 14, pp. 60-71].pdf","Fuentes ET","sí","Cuerpo, fluidos y materiales orgánicos como duelo; apoya la génesis corporal del motivo (rf-cuerpo)."
"3.2 · Tokeshi — Bandera VIII","Bandera VIII (Eduardo Tokeshi)","sugerida","Registro - Visita guiada con Buendía. Las estelas y la directriz senderista del campo a la ciudad [transcripción].txt","Fuentes ET","sí","Contexto de la violencia senderista en el campo artístico; apoya el nexo con el «arte crítico» del cap. 2 (nx-cap2)."
"3.2 · Tokeshi — Bandera VIII","Bandera VIII (Eduardo Tokeshi)","sugerida","Video - Against the Grain. Documental de Ann Kaneko sobre artistas peruanos bajo el fujimorato [transcripción].txt","Fuentes ET","sí","Artistas peruanos bajo el fujimorato; contexto del 2000 y del régimen atmosférico (d-nikkei)."
"3.2 · Tokeshi — Bandera VIII","Bandera VIII (Eduardo Tokeshi)","sugerida","Video - Poéticas del duelo. Conferencia de Víctor Vich en el Reina Sofía, 2020-02-07 [transcripción].txt","Fuentes ET","sí","Vich sobre arte, duelo y violencia; refuerza y actualiza su lectura de la obra (rf-vich)."
"3.2 · Tokeshi — Bandera VIII","Bandera VIII (Eduardo Tokeshi)","sugerida","Web - Aproximaciones a una historia del arte peruano a partir de la década del ochenta. Fracción de una ponencia del XI Simposio Internacional de Historia, Arequipa 2006, publicada en el blog Escuela de Marte.txt","Fuentes ET","sí","Panorama del campo del arte de los ochenta; apoya el perfil y la teoría implícita del campo (d-bourdieu, c-formacion)."
"3.2 · Tokeshi — Bandera VIII","Bandera VIII (Eduardo Tokeshi)","sugerida","Web - Eduardo Tokeshi, «el artista no debe ser ajeno a nada». Entrevista de 1999 recuperada en el blog Burbujas Reloaded.txt","Fuentes ET","sí","Entrevista coetánea a la obra (1999); triangula la estabilidad de la meta-postura del artista (rf-meta)."
"3.2 · Tokeshi — Bandera VIII","Bandera VIII (Eduardo Tokeshi)","sugerida","Web - La patria en cuidados intensivos. Ficha de Micromuseo sobre Bandera VIII de Tokeshi (2000), post de Facebook del 2020-11-10.txt","Fuentes ET","sí","Ficha específica de la obra; datos de materiales y procedencia (g-proc) y la fórmula «cuidados intensivos» (c-cuidados)."
"3.2 · Tokeshi — Bandera VIII","Bandera VIII (Eduardo Tokeshi)","sugerida","Web - Nuestra historia en una bandera. Nota de La República sobre los artistas que rescataron la bandera del fujimorato, 2010-07-25 [vía Internet Archive].txt","Fuentes ET","sí","Bandera y fujimorato; contexto del tema nación/bandera y de la recepción pública del emblema."
"3.2 · Tokeshi — Bandera VIII","Bandera VIII (Eduardo Tokeshi)","sugerida","Web - Poéticas del duelo. Arte y violencia en el Perú. Ficha de la conferencia de Víctor Vich en el Reina Sofía, 2020-02-07.txt","Fuentes ET","sí","Complemento (ficha) de la conferencia de Vich; encuadra arte, duelo y violencia en su lectura."
"3.2 · Tokeshi — Bandera VIII","Bandera VIII (Eduardo Tokeshi)","sugerida","Fassin - Crisis [entrada de Words and Worlds. A Lexicon for Dark Times, contenedor sin confirmar].md","Teoría","sí","Cubre la nota «falta»: la referencia de Fassin sobre la crisis como operador (g-fassin, nx-crisis)."
"3.2 · Tokeshi — Bandera VIII","Bandera VIII (Eduardo Tokeshi)","sugerida","Fassin y Honneth - Introduction. The Heuristic of Crises. Reclaiming Critical Voices (2022) [Crisis under Critique, Columbia UP, pp. 1-8].md","Teoría","sí","La crisis como heurística de la crítica; refuerza el tratamiento de la crisis como operador (nx-crisis)."
"3.2 · Tokeshi — Bandera VIII","Bandera VIII (Eduardo Tokeshi)","sugerida","Keane - Perspectives on Affordances, or the Anthropologically Real. The 2018 Daryll Forde Lecture.md","Teoría","sí","Desarrolla las «affordances» que el texto usa como salvaguarda materialista; complementa al Keane ya citado (nx-crisis)."
"3.2 · Tokeshi — Bandera VIII","Bandera VIII (Eduardo Tokeshi)","sugerida","Keane - Semiotics and the Social Analysis of Material Things (2003) [Language & Communication 23, pp. 409-425].md","Teoría","sí","Materialidad de la sangre y la sal; ancla el «la sangre está en las bolsas» frente a la semiosis."
"3.2 · Tokeshi — Bandera VIII","Bandera VIII (Eduardo Tokeshi)","sugerida","Nakassis - Indexicality's Ambivalent Ground [Signs and Society].md","Teoría","sí","Fundamento ambivalente del índice; apuntala la reversibilidad de la dicentización que revierte el propio autor (rf-oscila)."
"3.2 · Tokeshi — Bandera VIII","Bandera VIII (Eduardo Tokeshi)","sugerida","Chumley y Harkness - Introduction. Qualia (2013) [Anthropological Theory 13(1-2), pp. 3-11].md","Teoría","sí","Marco de los qualia para el verde hospital y la sal como cualidades sensibles con carga (rf-infra)."
"3.2 · Tokeshi — Bandera VIII","Bandera VIII (Eduardo Tokeshi)","sugerida","Gal - Tastes of Talk. Qualia and the Moral Flavor of Signs (2013) [Anthropological Theory 13(1-2), pp. 31-48].md","Teoría","sí","Sabor moral de los signos: la sal «salada»/malhadada y el verde clínico como qualia cargados (rf-infra)."
"3.2 · Tokeshi — Bandera VIII","Bandera VIII (Eduardo Tokeshi)","sugerida","Richard - La insubordinación de los signos. Cambio político, transformaciones culturales y poéticas de la crisis [Cuarto Propio, Santiago, ISBN 9789562600576].md","Teoría","sí","Poéticas de la crisis y política de los signos; marco latinoamericano afín al eje crisis/nación."
"3.2 · Tokeshi — Bandera VIII","Bandera VIII (Eduardo Tokeshi)","sugerida","Richard - Fracturas de la memoria. Arte y pensamiento crítico (2007) [col. Arte y pensamiento dir. Andrea Giunta, Buenos Aires, ISBN 9789871220786].md","Teoría","sí","Arte, memoria y violencia política; dialoga con la lectura del duelo y la nación agónica."
"3.2 · Tokeshi — Bandera VIII","Bandera VIII (Eduardo Tokeshi)","sugerida","Foster - Bad New Days. Art, Criticism, Emergency.md","Teoría","sí","Arte crítico y emergencia; marco para el aparato clínico/averiado y la criticidad en disputa."
"3.2 · Tokeshi — Bandera VIII","Bandera VIII (Eduardo Tokeshi)","sugerida","Sedgwick - Paranoid Reading and Reparative Reading, or, You're So Paranoid, You Probably Think This Essay Is About You [Touching Feeling, cap. 4].md","Teoría","sí","Funda el «stance reparativo» con que se tratan los críticos como objetos y no autoridades (d-objetos)."
"3.2 · Tokeshi — Bandera VIII","Bandera VIII (Eduardo Tokeshi)","sugerida","Nöth - Visual Semiotics. Key Features and an Application to Picture Ads (2011) [The SAGE Handbook of Visual Research Methods, cap. 16].md","Teoría","sí","Semiótica visual aplicada; método para el análisis de la imagen/diagrama de la bandera."
"3.2 · Tokeshi — Bandera VIII","Bandera VIII (Eduardo Tokeshi)","sugerida","Buntinx - Lava la bandera. The Colectivo Sociedad Civil and the Cultural Overthrow of the Fujimori-Montesinos Dictatorship (2017) [Collective Situations, cap. 1].md","Cap 2 - Historia","sí","Bandera y derrocamiento del fujimorato; tema nación/bandera y política del emblema patrio."
"3.2 · Tokeshi — Bandera VIII","Bandera VIII (Eduardo Tokeshi)","sugerida","MALI/Buntinx - El poder y la ilusión. Pérdida y restauración del aura en la «República de Weimar peruana» 1980-1992 [MALI].md","Cap 2 - Historia","sí","Funda el aparato de Buntinx (la «República de Weimar peruana», el aura, lo unheimlich) que la recepción retoma."
"3.2 · Tokeshi — Bandera VIII","Bandera VIII (Eduardo Tokeshi)","sugerida","Hernández Calvo y Villacorta - Franquicias imaginarias. Las opciones estéticas en las artes plásticas en el Perú de fin de siglo (2002) [OCR A].md","Cap 2 - Historia","sí","Opciones estéticas peruanas de fin de siglo; contexto del campo hacia el 2000."
"3.2 · Tokeshi — Bandera VIII","Bandera VIII (Eduardo Tokeshi)","sugerida","Mitrovic - Extravíos de la forma. Vanguardia, modernismo popular y arte contemporáneo en Lima desde los 60 (2019).md","Cap 2 - Historia","sí","Historia del campo del arte limeño; apoya el perfil y la posición de Tokeshi (d-bourdieu)."
"3.2 · Tokeshi — Bandera VIII","Bandera VIII (Eduardo Tokeshi)","sugerida","Villacorta y Del Valle - Incertidumbre y certezas en el arte peruano reciente. Imaginarios de Lima en transformación 1980-2006 [Post-Ilusiones].txt","Cap 2 - Historia","sí","Imaginarios de Lima 1980-2006; contexto atmosférico del momento de la obra."
"3.2 · Tokeshi — Bandera VIII","Bandera VIII (Eduardo Tokeshi)","sugerida","El Pabellón ha caído - Buntinx.md","Cap 2 - Historia","sí","Buntinx sobre el símbolo patrio/bandera; posible apoyo al tema del emblema nacional en crisis."
"3.3 · Tejada — Recuerdo","Recuerdo (Elena Tejada-Herrera)","utilizada","Recuerdo (1998), performance y video [OBRA]","externa","no","La obra analizada; performance de 1998 y su registro en video. Objeto central de todo el capítulo."
"3.3 · Tejada — Recuerdo","Recuerdo (Elena Tejada-Herrera)","utilizada","Entrevista - Tejada-Herrera, Elena - 2026-04-16.transcripcion.md [ETH26]","Fuentes ETH","sí","Fuente primaria; perfil, formación, teoría del medio, la culpa/belleza y el relato tardío que desdramatiza el secreto (rf-secreto, rf-cortita, d-testimonio)."
"3.3 · Tejada — Recuerdo","Recuerdo (Elena Tejada-Herrera)","utilizada","Video - Elena Tejada-Herrera. Episodio 16 de un pódcast [transcripción] [APA16]","Fuentes ETH","sí","Testimonio de 2025 (Artistas por Artistas); «la denuncia no es suficiente», culpa ecológica, segundo origen de la belleza como arma (rf-denuncia, rf-culpa, d-belleza)."
"3.3 · Tejada — Recuerdo","Recuerdo (Elena Tejada-Herrera)","utilizada","Video - Bios de artista... por qué su performance no es actuación [transcripción] [BIOS09]","Fuentes ETH","sí","Testimonio más temprano (2009); «no es actuación», Recuerdo «no era cuestión de género», impugnación de la crítica (rf-tergiversa, rf-secreto)."
"3.3 · Tejada — Recuerdo","Recuerdo (Elena Tejada-Herrera)","utilizada","Tejada-Herrera (Portocarrero ed.) - Videos de esta mujer... (2018) [Proyecto AMIL] [PORT]","Fuentes ETH","sí","Ensayo curatorial de Portocarrero: primera panorámica, linaje Paréntesis/E.P.S. Huayco, tesis de la marginalidad (rf-marginalidad, rf-genealogias)."
"3.3 · Tejada — Recuerdo","Recuerdo (Elena Tejada-Herrera)","utilizada","Andrade Tudela - Estrella sin origen (en Videos de esta mujer) [AAT]","Fuentes ETH","sí","Recepción más extensa; Bataille/heterología, la bolsa como fardo, tránsito a lo animista y el mandato al centro (rf-mandato-at, nx-suturas, d-fardo)."
"3.3 · Tejada — Recuerdo","Recuerdo (Elena Tejada-Herrera)","utilizada","Dossier de textos / libreto (en Videos de esta mujer, p. 92) [DOSS18]","Fuentes ETH","sí","El libreto de la artista: bolsa de morgue, escarapelas-recorrido, APRODEH, «él tenía las llaves», la razón de la AM (rf-libreto, rf-bolsa, rf-escarapela, rf-forense, rf-radio)."
"3.3 · Tejada — Recuerdo","Recuerdo (Elena Tejada-Herrera)","utilizada","Vilela Torres - La posibilidad política del cuerpo... [tesis PUCP, 2019] [VIL19]","Fuentes ETH","sí","Recepción académica; estética de lo abyecto, única que sostiene las dos escarapelas, trae el contraste con Villanes (rf-bolsa, rf-escarapela, rf-villanes, rf-vilela)."
"3.3 · Tejada — Recuerdo","Recuerdo (Elena Tejada-Herrera)","utilizada","Villanes, E. - Gloria evaporada (1994-1995) [VILLANES]","externa","no","Precedente contrastivo sobre el mismo hecho (cajas de leche Gloria de La Cantuta); él simboliza, ella permanece en el índice (rf-villanes)."
"3.3 · Tejada — Recuerdo","Recuerdo (Elena Tejada-Herrera)","utilizada","Arias Rojas, T. - El arte de la performance... Tejada-Herrera [tesis UNMSM, 2009] [ARIAS09]","externa","no","Primera tesis sobre la artista según Vilela; citada pero SIN LOCALIZAR (nota falta g-arias)."
"3.3 · Tejada — Recuerdo","Recuerdo (Elena Tejada-Herrera)","utilizada","Hernández Calvo y Villacorta - Franquicias imaginarias (2002) [FRANQ02]","Cap 2 - Historia","sí","Estudio de referencia sobre la escena limeña de fin de siglo citado por Vilela; disponible en el corpus de Historia (OCR A/B)."
"3.3 · Tejada — Recuerdo","Recuerdo (Elena Tejada-Herrera)","utilizada","Germaná, G. - Yo no solo coso... (2014) [GERM14]","externa","no","Citado por Vilela dentro de la escasa bibliografía sobre arte hecho por mujeres en el Perú."
"3.3 · Tejada — Recuerdo","Recuerdo (Elena Tejada-Herrera)","utilizada","Raffo - Intervenciones en el espacio público... Recuerdo, Crisis y Lava la bandera [LEIGH06]","Fuentes ETH","sí","La lectura más temprana (2006); da el argumento indexical (anonimato/no-anonimato, los muertos como individuos) veinte años antes (rf-leigh, nx-estabilizan, rf-forense)."
"3.3 · Tejada — Recuerdo","Recuerdo (Elena Tejada-Herrera)","utilizada","Tejada-Herrera - Portafolio con fichas de performances y videos, 1994-2020 [FRIEZE19]","Fuentes ETH","sí","El mercado como régimen de lectura; «Edition of 5 + 2 AP», ficha que traduce a Portocarrero y borra la ocupación militar (rf-mercado, rf-marginalidad)."
"3.3 · Tejada — Recuerdo","Recuerdo (Elena Tejada-Herrera)","utilizada","Tejada-Herrera - Curriculum vitae extendido... [en inglés] [CV-LB]","Fuentes ETH","sí","Fuente de exposiciones, premios y de la bibliografía sobre Elena; base para c-fechas, rf-sanmarcos, rf-accionismo, c-mincul."
"3.3 · Tejada — Recuerdo","Recuerdo (Elena Tejada-Herrera)","utilizada","Tejada-Herrera - Statement publicado en su web hotglue.me [en inglés] [STAT]","Fuentes ETH","sí","Autodescripción actual «non-binarie / trans-feminist»; base de la decisión de nombramiento (d-nombrar)."
"3.3 · Tejada — Recuerdo","Recuerdo (Elena Tejada-Herrera)","utilizada","Villacorta y Del Valle - ...[Post-Ilusiones] (2007) [POST-IL]","Cap 2 - Historia","sí","«Arte crítico en Lima 1980-2006», con Elena dentro; disponible en el corpus de Historia (cotejar autoría y ficha)."
"3.3 · Tejada — Recuerdo","Recuerdo (Elena Tejada-Herrera)","utilizada","Buntinx, G. - Lava la bandera... Quehacer 158 (2006) [QUEH06]","externa","no","Referencia recuperada del catálogo de López; fundación del Colectivo Sociedad Civil. No está en el repo."
"3.3 · Tejada — Recuerdo","Recuerdo (Elena Tejada-Herrera)","utilizada","Buntinx, G. - Emergencia artística: arte crítico 1998-1999 (1999) [BUN99]","externa","no","Catálogo de la muestra donde se exhibió el video por primera vez; EXISTE Y NO SE TIENE (nota falta / worknotes)."
"3.3 · Tejada — Recuerdo","Recuerdo (Elena Tejada-Herrera)","utilizada","Web - Emergencia (1999)... Pieza del mes de Micromuseo con texto de Buntinx [BUN-EM]","Fuentes ETH","sí","Retrospección de Buntinx sobre «Emergencia artística»; confirma que NO escribe sobre Recuerdo (rf-buntinx99)."
"3.3 · Tejada — Recuerdo","Recuerdo (Elena Tejada-Herrera)","utilizada","López, M. A. (ed.) - Hay algo incomestible en la garganta... (2021) [catálogo ICPNA] [LOPEZ21]","Cap 2 - Historia","sí","La operación de canonización; recorte 1988-2002, poéticas antipatriarcales, genealogía alternativa de Elena (rf-genealogias, g-lopez, d-nombrar)."
"3.3 · Tejada — Recuerdo","Recuerdo (Elena Tejada-Herrera)","utilizada","Conversatorio - Hay algo incomestible en la garganta - 2021-10-13 [CONV21]","Cap 2 - Historia","sí","Tercer testimonio de Elena, el más dramatizado (ejército «con ametralladoras»); declara el doble sentido de la escarapela (rf-secreto, rf-escarapela, c-lapsus)."
"3.3 · Tejada — Recuerdo","Recuerdo (Elena Tejada-Herrera)","utilizada","Radulescu - Personajes y escenarios en las performances de Elena Tejada (2017) [RAD17]","Fuentes ETH","sí","Recepción; teatralización con Bourriaud, la artista «se convierte en actriz»; la anfitriona de 1998 que borra su mano (rf-borrado, rf-tergiversa, rf-escarapela)."
"3.3 · Tejada — Recuerdo","Recuerdo (Elena Tejada-Herrera)","utilizada","Ramos Chang, M. A. - Trayectoria... Escuela de Arte [tesis UNMSM, 2007] [RAMOS07]","externa","no","Fuente del tríptico de la Semana de Arte de 1998 (anexo 3), documento primario clave que ninguna lectura leyó (c-fecha, rf-programa, rf-vilela)."
"3.3 · Tejada — Recuerdo","Recuerdo (Elena Tejada-Herrera)","utilizada","Wiener, G. - [Entrevista a Elena Tejada-Herrera], La Mula (2016) [WIEN16]","externa","no","Citada por Radulescu; «arte pero también activismo, sin ser panfletario». Faltan título, fecha y URL."
"3.3 · Tejada — Recuerdo","Recuerdo (Elena Tejada-Herrera)","utilizada","Vallejo, C. - Himno a los voluntarios de la República (1939) [VALL]","externa","no","El verso que Elena atribuye a Mariátegui y altera («acto o voz» por «arte»); desplazamiento fundante (c-vallejo)."
"3.3 · Tejada — Recuerdo","Recuerdo (Elena Tejada-Herrera)","utilizada","Tarazona, E. - Accionismo en el Perú (1965-2000) [ICPNA, 2006] [TARA06]","externa","no","Genealogía local del accionismo en que Elena ya figuraba; desactiva el «vacío referencial» (rf-accionismo)."
"3.3 · Tejada — Recuerdo","Recuerdo (Elena Tejada-Herrera)","utilizada","Lerner y Villacorta - Fragmented Corpus... (2008) [LERN08]","externa","no","Recepción previa citada por Portocarrero; Lerner y Villacorta reaparecen en la recepción de Elena."
"3.3 · Tejada — Recuerdo","Recuerdo (Elena Tejada-Herrera)","utilizada","Jones, A. - Body Art / Performing the Subject [JONES]","externa","no","Movilizada por Portocarrero (modo «intersubjetivo»); referencia incompleta por fijar."
"3.3 · Tejada — Recuerdo","Recuerdo (Elena Tejada-Herrera)","utilizada","Ball - On Dicentization (2014) [BALL14]","Teoría","sí","Dicentización (ícono a índice) como contraste; en Recuerdo la sutura corre a la inversa (nx-suturas)."
"3.3 · Tejada — Recuerdo","Recuerdo (Elena Tejada-Herrera)","utilizada","Gal - [rematización] [GAL05]","externa","no","Rematización (índice a ícono): el paso del cuerpo al bulto por el montaje. El texto exacto no está en el repo; Teoría tiene otro Gal (Tastes of Talk)."
"3.3 · Tejada — Recuerdo","Recuerdo (Elena Tejada-Herrera)","utilizada","Nakassis - A Linguistic Anthropology of Images (2023) [NAK23]","Teoría","sí","Los tres ejes como abducciones del intérprete y la calibración del índice (nx-affordance, rf-abduccion)."
"3.3 · Tejada — Recuerdo","Recuerdo (Elena Tejada-Herrera)","utilizada","Stjernfelt - Diagrammatology (2007) [STJ07]","Teoría","sí","En reserva; el diagrama (escarapela como itinerario/relaciones entre partes) entra si el material lo pide (rf-escarapela)."
"3.3 · Tejada — Recuerdo","Recuerdo (Elena Tejada-Herrera)","utilizada","Larkin - The Politics and Poetics of Infrastructure (2013) [LARK13]","Teoría","sí","La infraestructura que aloja la pieza: el patio, el programa impreso, la radio (nx-atmosferico, d-par)."
"3.3 · Tejada — Recuerdo","Recuerdo (Elena Tejada-Herrera)","utilizada","Keane - On Semiotic Ideology (2018) [KEAN18]","Teoría","sí","Affordances como salvaguarda materialista: la bolsa habilita sin determinar los dos índices (nx-affordance)."
"3.3 · Tejada — Recuerdo","Recuerdo (Elena Tejada-Herrera)","utilizada","Koselleck - Critique and Crisis (1988) [KOS88]","externa","no","La crisis como operador narrativo, junto con Fassin (nx-crisis). No está en el repo."
"3.3 · Tejada — Recuerdo","Recuerdo (Elena Tejada-Herrera)","utilizada","Peirce - The Essential Peirce, vol. 2 [EP2]","externa","no","Abducción y economía de la investigación; el criterio para fijar el centro de gravedad (rf-abduccion, d-centro)."
"3.3 · Tejada — Recuerdo","Recuerdo (Elena Tejada-Herrera)","utilizada","Comisión de la Verdad y Reconciliación - Informe final (2003) [CVR03]","externa","no","La Cantuta: secuestro, restos hallados en Cieneguilla, identificación por las llaves de la vivienda universitaria (rf-forense, rf-compresion)."
"3.3 · Tejada — Recuerdo","Recuerdo (Elena Tejada-Herrera)","utilizada","Recuerdo [videoperformance, hoja de contactos, 2026] [VID]","externa","no","El registro mismo como fuente: cartelas en inglés y español, «Accionismo» en 00:53, escarapela verificada, cierre con copyright 1998 (rf-cartela, rf-ingles, rf-escarapela)."
"3.3 · Tejada — Recuerdo","Recuerdo (Elena Tejada-Herrera)","utilizada","Web - Recuerdo (1998)... Ficha de Micromuseo... San Marcos [MM-REC]","Fuentes ETH","sí","Procedencia (Colección MICROMUSEO), sinopsis firmada por la artista, crédito de cámara a Corvetto y la primera exhibición en «Emergencia artística» 1999 (rf-proc, c-camara, rf-secreto)."
"3.3 · Tejada — Recuerdo","Recuerdo (Elena Tejada-Herrera)","sugerida","Captura de pantalla sin identificar 1 - 2026-07-14 [PNG]","Fuentes ETH","sí","Posible reproducción visual (tríptico, hoja de contactos o escarapela) para cotejar c-fecha, rf-programa y rf-cartela; conviene identificarla."
"3.3 · Tejada — Recuerdo","Recuerdo (Elena Tejada-Herrera)","sugerida","Captura de pantalla sin identificar 2 - 2026-07-14 [PNG]","Fuentes ETH","sí","Idem; material gráfico sin identificar que puede fijar datos primarios de la acción (c-camara, rf-escarapela)."
"3.3 · Tejada — Recuerdo","Recuerdo (Elena Tejada-Herrera)","sugerida","Tejada-Herrera - Curriculum vitae publicado en su web hotglue.me [en inglés]","Fuentes ETH","sí","Segunda versión del CV (la propia, no la de galería) para cruzar fechas y autodescripción de género (c-fechas, d-nombrar, c-mincul)."
"3.3 · Tejada — Recuerdo","Recuerdo (Elena Tejada-Herrera)","sugerida","Web - Las reglas para romperlas. Folleto de la muestra de Elena Tejada curada por Miguel López (2025)","Fuentes ETH","sí","Texto marcado como pendiente en worknotes; documenta la canonización reciente de la artista por López (g-lopez, rf-lopez, rf-marginalidad)."
"3.3 · Tejada — Recuerdo","Recuerdo (Elena Tejada-Herrera)","sugerida","Web - Lista de enlaces a videos de Elena Tejada-Herrera en YouTube","Fuentes ETH","sí","Acceso a los registros para verificar el corte «cortita», el orden de cartelas y la escala del montaje (rf-cortita, rf-ingles, rf-cartela)."
"3.3 · Tejada — Recuerdo","Recuerdo (Elena Tejada-Herrera)","sugerida","Keane - Perspectives on Affordances... (2018 Daryll Forde Lecture)","Teoría","sí","Afina el concepto de affordance que sostiene el argumento de la bolsa (nx-affordance), más allá de Keane 2018 ya usado."
"3.3 · Tejada — Recuerdo","Recuerdo (Elena Tejada-Herrera)","sugerida","Keane - Semiotics and the Social Analysis of Material Things (2003)","Teoría","sí","La bolsa como cosa material que porta índices incompatibles sin fijar procedencia (nx-affordance, d-centro)."
"3.3 · Tejada — Recuerdo","Recuerdo (Elena Tejada-Herrera)","sugerida","Nakassis - Indexicality's Ambivalent Ground","Teoría","sí","El problema del índice cuyo objeto fue destruido (qué queda del índice: las llaves) (rf-forense, nx-affordance, d-centro)."
"3.3 · Tejada — Recuerdo","Recuerdo (Elena Tejada-Herrera)","sugerida","Nöth - Peirce's Iconicity and His Image-Diagram-Metaphor Triad Revisited (2024)","Teoría","sí","Da el aparato ícono/diagrama para la escarapela que trabaja en los tres ejes (rf-escarapela, d-centro)."
"3.3 · Tejada — Recuerdo","Recuerdo (Elena Tejada-Herrera)","sugerida","Nöth - Visual Semiotics. Key Features and an Application to Picture Ads (2011)","Teoría","sí","Semiótica de la imagen aplicable al registro en video y sus cartelas (rf-cartela, rf-ingles)."
"3.3 · Tejada — Recuerdo","Recuerdo (Elena Tejada-Herrera)","sugerida","Fassin - Crisis [entrada de Words and Worlds]","Teoría","sí","Cubre la referencia que el propio autor declara pendiente: la crisis como operador contemporáneo (nx-crisis, «falta la referencia de Fassin»)."
"3.3 · Tejada — Recuerdo","Recuerdo (Elena Tejada-Herrera)","sugerida","Richard - Fracturas de la memoria. Arte y pensamiento crítico (2007)","Teoría","sí","Marco de arte crítico y memoria en el Cono Sur para el eje de la memoria y la denuncia (nx-crisis, rf-denuncia)."
"3.3 · Tejada — Recuerdo","Recuerdo (Elena Tejada-Herrera)","sugerida","Richard - La insubordinación de los signos... poéticas de la crisis","Teoría","sí","Poéticas de la crisis y de los signos, afín a la lectura del signo cívico que «se hace mierda» (rf-escarapela, nx-crisis)."
"3.3 · Tejada — Recuerdo","Recuerdo (Elena Tejada-Herrera)","sugerida","Sedgwick - Paranoid Reading and Reparative Reading","Teoría","sí","Funda el «stance reparativo» que el análisis declara: reconstruir cómo cada crítico abduce, no probar que se equivocan (d-objetos, nx-estabilizan)."
"3.3 · Tejada — Recuerdo","Recuerdo (Elena Tejada-Herrera)","sugerida","Bishop - The Social Turn. Collaboration and Its Discontents","Teoría","sí","Critica la estética relacional (Bourriaud) que Radulescu usa y el debate participación/no-participación (Leigh vs Radulescu) (rf-tergiversa, rf-leigh)."
"3.3 · Tejada — Recuerdo","Recuerdo (Elena Tejada-Herrera)","sugerida","Vich - La violencia, la dictadura y la globalización. Arte y política en el Perú contemporáneo","Cap 2 - Historia","sí","Marco de arte y política ante la violencia y La Cantuta para situar la pieza en su coyuntura (nx-interregno, rf-compresion)."
"3.3 · Tejada — Recuerdo","Recuerdo (Elena Tejada-Herrera)","sugerida","Villacorta - Un arte cuestionador. De Dadá a La Cantuta [Quehacer 102]","Cap 2 - Historia","sí","Trata directamente el arte crítico peruano y La Cantuta; contexto para el eje forense de la obra (rf-forense)."
"3.3 · Tejada — Recuerdo","Recuerdo (Elena Tejada-Herrera)","sugerida","Buntinx - Lava la bandera... (2017) [Collective Situations, cap. 1]","Cap 2 - Historia","sí","Contexto de «Emergencia artística» y el Colectivo Sociedad Civil, escena donde se exhibió el video (rf-buntinx99, r-buntinx99)."
"3.3 · Tejada — Recuerdo","Recuerdo (Elena Tejada-Herrera)","sugerida","López, Miguel A. - Parientes extraviados, Cuerpo vehículo político y A contratiempo... poéticas antipatriarcales","Cap 2 - Historia","sí","El marco conceptual de López que reubica a Elena fuera del linaje de Portocarrero (rf-genealogias, rf-lopez)."
"3.3 · Tejada — Recuerdo","Recuerdo (Elena Tejada-Herrera)","sugerida","López, Miguel A. - Los feminismos van a vencer. Una introducción","Cap 2 - Historia","sí","Los feminismos de los noventa como marco de la curva de género de Elena (d-nombrar)."
"3.3 · Tejada — Recuerdo","Recuerdo (Elena Tejada-Herrera)","sugerida","Borea - Configuring the New Lima Art Scene... (2021)","Cap 2 - Historia","sí","Análisis antropológico de la nueva escena limeña para situar la infraestructura de 1998-1999 (nx-atmosferico, rf-galeria95)."
"3.3 · Tejada — Recuerdo","Recuerdo (Elena Tejada-Herrera)","sugerida","Biczel - Sobre la imposibilidad de trazar un mapa. El «fracaso» de la Bienal de Lima 1997-2002","Cap 2 - Historia","sí","La Bienal Iberoamericana en paralelo a «Emergencia artística», infraestructura que aloja la circulación del video (rf-buntinx99)."
"3.3 · Tejada — Recuerdo","Recuerdo (Elena Tejada-Herrera)","sugerida","VVAA - Lima se anima. Debates en la escena artística peruana (2009) [ramona 89]","Cap 2 - Historia","sí","Debates de la nueva escena para contextualizar la recepción retrospectiva de la obra (nx-estabilizan)."
"3.3 · Tejada — Recuerdo","Recuerdo (Elena Tejada-Herrera)","sugerida","Entrevista - Lerner, Sharon - sin fecha.transcripcion.md","Cap 2 - Historia","sí","Sharon Lerner curó a Elena en el MALI (2021) y coescribe Fragmented Corpus; testimonio sobre su institucionalización (rf-marginalidad, LERN08)."
"3.3 · Tejada — Recuerdo","Recuerdo (Elena Tejada-Herrera)","sugerida","López, Miguel A. - How Do We Know What Latin American Conceptualism Looks Like?","Cap 2 - Historia","sí","Genealogía del conceptualismo/accionismo regional, útil frente al rótulo «Accionismo» del video (rf-accionismo)."
"3.4 · Vargas — Taqui Onkoy","Taqui Onkoy (Javi Vargas Sotomayor)","utilizada","Campuzano - Museo Travesti del Perú (2007).md","Fuentes JV","sí","[MTP] Fuente primaria del capítulo: da la cita de Santacruz Pachacuti, el hanan/urin (Rostworowski citando a Garcilaso), Francisco Pro, Chuquichinchay opuesto a Illapa y la maqueta con los grabados de Vargas (r-campuzano, rf-libro-maqueta, rf-illapa)."
"3.4 · Vargas — Taqui Onkoy","Taqui Onkoy (Javi Vargas Sotomayor)","utilizada","Carvajal, Fernanda - Políticas de la infección [Errata 12].txt","Fuentes JV","sí","[ERRATA-12] Contiene la frase con que Vargas ganó el premio y el vocabulario del desenfoque/infección que él le atribuye; precedente de CZT (r-carvajal, rf-circulacion)."
"3.4 · Vargas — Taqui Onkoy","Taqui Onkoy (Javi Vargas Sotomayor)","utilizada","Carvajal, Fernanda - Sedición onírica (2024) [Diferencia(s) 18].md","Fuentes JV","sí","[DIF-18] Única lectura académica externa de su obra reciente y no lee esta pieza; da Milla Villena, el pachakuti y El sueño del pongo (r-sedicion, rf-retroactivo)."
"3.4 · Vargas — Taqui Onkoy","Taqui Onkoy (Javi Vargas Sotomayor)","utilizada","Crónicas de la Diversidad 44 (mayo 2024). Dossier sobre Javi Vargas.md","Fuentes JV","sí","[CRON-44] Tres lecturas externas y la cuarta entrevista; fuente de Lehmann-Nitsche, Cobo, Horswell y la reseña de Machuca; ninguna lee la chacana (r-cronicas, rf-sinlectura)."
"3.4 · Vargas — Taqui Onkoy","Taqui Onkoy (Javi Vargas Sotomayor)","utilizada","Entrevista - Vargas Sotomayor, Javi - 14 de octubre.transcripcion.md","Fuentes JV","sí","[JVS-E1] Primera entrevista con CZT; perfil, colecciones y la segunda chacana pendiente de recoger (r-entrevista)."
"3.4 · Vargas — Taqui Onkoy","Taqui Onkoy (Javi Vargas Sotomayor)","utilizada","Entrevista - Vargas Sotomayor, Javi - 23 de octubre [audio].transcripcion.md","Fuentes JV","sí","[JVS-E2] Entrevista de obra (el análisis la fecha 24 oct): clave de la composición, seis nombres, hanan/urin y el formato dictado por las bases; diarización rota, cotejar (r-entrevista2, rf-medidas)."
"3.4 · Vargas — Taqui Onkoy","Taqui Onkoy (Javi Vargas Sotomayor)","utilizada","ICPNA - Catálogo del Premio de Arte Contemporáneo 2018.txt","Fuentes JV","sí","[ICPNA-18] Bases del premio y la individual prometida como parte del galardón (r-cat18, c-adquisicion)."
"3.4 · Vargas — Taqui Onkoy","Taqui Onkoy (Javi Vargas Sotomayor)","utilizada","ICPNA - Catálogo del Premio de Arte Contemporáneo 2021 [cuarta edición].txt","Fuentes JV","sí","[ICPNA-21] Catálogo del premio que gana la obra; texto curatorial de López, jurado (Mantilla, Ugaz, Zevallos) y la declaración del propio artista (r-cat21, r-lopez21, r-decl21, d-jurado)."
"3.4 · Vargas — Taqui Onkoy","Taqui Onkoy (Javi Vargas Sotomayor)","utilizada","López (ed.) - Javi Vargas. Florecen luces sobre nuestras pieles (2023).md","Fuentes JV","sí","[FLOR-23] Libro de la individual; único párrafo publicado sobre la obra, medidas del díptico, colecciones de López, más el Manifiesto de las luciérnagas y Carvajal reimpresa (r-florecen, r-florecen2, rf-nadaoriginal)."
"3.4 · Vargas — Taqui Onkoy","Taqui Onkoy (Javi Vargas Sotomayor)","utilizada","Nefando, Javi - Eclipse Felino.md","Fuentes JV","sí","[ECL-17] Programa de la chacana escrito en 2017; el illa de Arguedas, las Yeguas del Apocalipsis, MRTA/Cambio, Horswell 2000 y el autismo como poética declarada (r-eclipse, rf-crisis2017)."
"3.4 · Vargas — Taqui Onkoy","Taqui Onkoy (Javi Vargas Sotomayor)","utilizada","Registro - Recorrido y narración por Javi Vargas, alias Salvador de las Luciérnagas, 31 de octubre.transcripcion.md","Fuentes JV","sí","[JVS-V1] Narración pública de la obra; declara el VIH, la mala muerte como género barroco y la clave panel por panel; el registro más político (r-recorrido, rf-vih, rf-sietedias)."
"3.4 · Vargas — Taqui Onkoy","Taqui Onkoy (Javi Vargas Sotomayor)","utilizada","Roper - Queering Tupac Amaru II (2022) [GLQ 28(1)].md","Fuentes JV","sí","[GLQ-28] Única lectura arbitrada de fuera de Lima; el concurso de 1970, la mejor formulación metodológica (reimaginación/fabulación decolonial) y el yanantin (r-roper, rf-1970, rf-roper)."
"3.4 · Vargas — Taqui Onkoy","Taqui Onkoy (Javi Vargas Sotomayor)","utilizada","Vargas Sotomayor - Biografía y curriculum vitae.txt","Fuentes JV","sí","[CV] Datos biográficos y las tres individuales; fuente de rf-1972, r-solos y la cooptación en Houston (r-cv, rf-houston)."
"3.4 · Vargas — Taqui Onkoy","Taqui Onkoy (Javi Vargas Sotomayor)","utilizada","Video - El arte de Javi Vargas y sus cuestionamientos al activismo.transcripcion.md","Fuentes JV","sí","[VID-ACT] Es la entrevista de Vero Ferrari en versión hablada; Bagua, el vitral, el Hospital Carrión y sus reservas al activismo (r-vid-activismo, d-politico, rf-bagua)."
"3.4 · Vargas — Taqui Onkoy","Taqui Onkoy (Javi Vargas Sotomayor)","utilizada","Video - Entrevista con Javi Vargas, cinco hablantes.transcripcion.md","Fuentes JV","sí","[VID-MEX] Entrevista mexicana (Cultural Radio, UACM); el eslabón del hospital colonial y la declaración pública del VIH fuera del Perú (r-vid-mexico, rf-hospital)."
"3.4 · Vargas — Taqui Onkoy","Taqui Onkoy (Javi Vargas Sotomayor)","utilizada","Video - Florecen luces. Presentación del libro.transcripcion.md","Fuentes JV","sí","[VID-LIB] Único registro que describe la chacana entre 2021 y 2025 (pandemia, Vizcarra); da confirmaciones de terceros (r-vid-libro, rf-2024, rf-terceros)."
"3.4 · Vargas — Taqui Onkoy","Taqui Onkoy (Javi Vargas Sotomayor)","utilizada","Web - Lista de enlaces sobre Javi Vargas. MALI, Ficciones patógenas, Arteinformado y Fernanda Carvajal.txt","Fuentes JV","sí","Compilación de enlaces de recepción por confirmar (MALI, Ficciones patógenas, ArteInformado); la nota marca la lectura con reservas de ArteInformado como prioritaria (r-patogenas, r-mali)."
"3.4 · Vargas — Taqui Onkoy","Taqui Onkoy (Javi Vargas Sotomayor)","utilizada","eMuseum / MALI Colecciones. Adquisiciones y donaciones 2019-2023 (fichas de colección)","externa","no","[MALI-EM/MALI-24] Fichas que fechan la compra en 2022 (código 2022.6.4) y sitúan a Vargas en el lote del giro indígena-amazónico junto a las shipibas (r-emuseum, r-mali-sala, rf-lote2022)."
"3.4 · Vargas — Taqui Onkoy","Taqui Onkoy (Javi Vargas Sotomayor)","utilizada","Giro gráfico. Como en el muro la hiedra [catálogo, MNCARS/MUAC, 2022]","externa","no","[GIRO-22] Muestra por la que la obra llega a Madrid; la ficha del depósito-comodato y la Red Conceptualismos del Sur que la curó (r-giro)."
"3.4 · Vargas — Taqui Onkoy","Taqui Onkoy (Javi Vargas Sotomayor)","utilizada","López, Miguel A. - blog Arte Nuevo (2009)","externa","no","[AN-09] López escribía sobre Vargas doce años antes de premiarlo; flyer, la censura del vídeo (Contranaturas) y el Canto coral reescrito en femenino (r-artenuevo, r-contranaturas, r-canto)."
"3.4 · Vargas — Taqui Onkoy","Taqui Onkoy (Javi Vargas Sotomayor)","utilizada","«La Tupi, una Túpac Amaru travesti» [SciELO Ecuador, 2020]","externa","no","Octava lectura, con entrevistas de 2019; el origen del nombre La Tupi y la lectura hostil de Castro 2010 desde la izquierda (r-tupi, rf-castro)."
"3.4 · Vargas — Taqui Onkoy","Taqui Onkoy (Javi Vargas Sotomayor)","utilizada","Fundación Museo Reina Sofía - Memoria de actividades 2019","externa","no","[MEM-19] Desmonta la idea de compra: donación en comodato de un patrono (Llorente); única tasación de mercado de una obra suya (r-memoria2019, rf-mali, rf-mercado)."
"3.4 · Vargas — Taqui Onkoy","Taqui Onkoy (Javi Vargas Sotomayor)","utilizada","Prensa del concurso Túpac Amaru 1970-71 (El Peruano; Oiga/Acha) vía Roper","externa","no","[GLQ-28] Convocatoria del general Arrisueño y la declaración de desierto; genealogía militar del mandato que abre el capítulo (r-roper-art, rf-1970)."
"3.4 · Vargas — Taqui Onkoy","Taqui Onkoy (Javi Vargas Sotomayor)","utilizada","Rostworowski - Historia del Tahuantinsuyu / Estructuras andinas del poder","externa","no","Autoridad que Campuzano, Roper y Carvajal invocan para el hanan/urin; el criterio de CZT es describir el uso, no arbitrar la fuente (r-rostworowski, r-rostworowski2007, c-hanan)."
"3.4 · Vargas — Taqui Onkoy","Taqui Onkoy (Javi Vargas Sotomayor)","utilizada","Webb - Yanantin and Masintin in the Andean World (2012)","externa","no","[GLQ-28] Dualidad complementaria andina, introducida por Roper; concepto nuevo que Vargas no usa (r-webb)."
"3.4 · Vargas — Taqui Onkoy","Taqui Onkoy (Javi Vargas Sotomayor)","utilizada","Muñoz-Díaz - Telúricas subterráneas / RCLL n.º 98 (2024)","externa","no","Segundo artículo del autor sobre Vargas; utopía sexodisidente indígena y crítica al binarismo costa/sierra (r-munoz2024)."
"3.4 · Vargas — Taqui Onkoy","Taqui Onkoy (Javi Vargas Sotomayor)","utilizada","Machuca Rose, Malú - texto 2019 / reseña de Florecen luces","externa","no","Sobre la ilegibilidad de «travesti» ante los financiadores globales: la economía del mandato en cuatro palabras (r-machuca)."
"3.4 · Vargas — Taqui Onkoy","Taqui Onkoy (Javi Vargas Sotomayor)","utilizada","Lehmann-Nitsche - Coricancha, El Templo del Sol (1928)","externa","no","Fuente gráfica de la constelación (Escorpión) sobre el dibujo del altar del Coricancha, según Muñoz-Díaz; no cotejar el impreso, describir el uso (r-lehmann)."
"3.4 · Vargas — Taqui Onkoy","Taqui Onkoy (Javi Vargas Sotomayor)","utilizada","Cobo, Bernardo - crónica (vía Calero del Mar, 2013)","externa","no","Segunda fuente colonial de Chuquichinchay: tiene el felino y la estrella, no los hermafroditas; precisa la abducción (r-cobo, rf-plural)."
"3.4 · Vargas — Taqui Onkoy","Taqui Onkoy (Javi Vargas Sotomayor)","utilizada","Horswell - Decolonizing the Sodomite / La descolonización del sodomita (2000/2013)","externa","no","Tercer género y chamanes qariwarmi; sustrato del linaje colonial que Vargas moviliza (r-horswell, r-horswell2013)."
"3.4 · Vargas — Taqui Onkoy","Taqui Onkoy (Javi Vargas Sotomayor)","utilizada","Milla Villena, Carlos - Génesis de la cultura andina (1983) / Ayni (2003)","externa","no","Origen de la forma-chacana y del pachakuti (cuadrado/círculo, los tres pacha), vía Carvajal 2024 (r-milla, r-milla2003, a-pachacuti)."
"3.4 · Vargas — Taqui Onkoy","Taqui Onkoy (Javi Vargas Sotomayor)","utilizada","Mujica Pinilla, Ramón - La imagen transgredida","externa","no","Fuente de las escenas barrocas (el San Miguel Arcángel-nube que deviene Túpac Amaru arcángel arcabucero) (r-mujica)."
"3.4 · Vargas — Taqui Onkoy","Taqui Onkoy (Javi Vargas Sotomayor)","utilizada","«MRTA en Tarapoto» [Semanario Cambio, 1989]","externa","no","Documento de la masacre que sustenta la lectura de Terremoto y sodomía (r-mrta)."
"3.4 · Vargas — Taqui Onkoy","Taqui Onkoy (Javi Vargas Sotomayor)","utilizada","Carvajal - Prácticas artísticas de disidencia sexual (UBA, 2013)","externa","no","Tesis citada en Eclipse felino sobre disidencia sexual y perturbaciones de los signos de la izquierda (r-yeguas)."
"3.4 · Vargas — Taqui Onkoy","Taqui Onkoy (Javi Vargas Sotomayor)","utilizada","McCullough - texto sobre la masacre de Las Gardenias (2010)","externa","no","Referencia vía Carvajal sobre Las Gardenias; falta anclar la referencia completa (r-mccullough)."
"3.4 · Vargas — Taqui Onkoy","Taqui Onkoy (Javi Vargas Sotomayor)","utilizada","Comisión de la Verdad y Reconciliación - Informe final, tomo II (MRTA)","externa","no","Documenta Las Gardenias, Aucayacu y Pucallpa, citado vía Carvajal (r-cvr)."
"3.4 · Vargas — Taqui Onkoy","Taqui Onkoy (Javi Vargas Sotomayor)","utilizada","Arguedas, José María - El sueño del pongo / Los ríos profundos (Zumbayllu)","externa","no","El illa y el pongo que Vargas y Sergio Zevallos trabajan en la residencia de 2013; fuente literaria del linaje (r-pongo, r-arguedas, a-pongo)."
"3.4 · Vargas — Taqui Onkoy","Taqui Onkoy (Javi Vargas Sotomayor)","utilizada","Lozano - Quito ciudad milenaria (1990)","externa","no","[ECL-17] Citada en Eclipse felino sobre la constelación felina andina (r-lozano)."
"3.4 · Vargas — Taqui Onkoy","Taqui Onkoy (Javi Vargas Sotomayor)","utilizada","Salazar - Astronomía Inka (2014)","externa","no","[ECL-17] Citada en Eclipse felino para la identificación estelar de Chuquichinchay (r-salazar)."
"3.4 · Vargas — Taqui Onkoy","Taqui Onkoy (Javi Vargas Sotomayor)","utilizada","Velázquez - Una mirada de los gallinazos (2013)","externa","no","[ECL-17] Imaginario limeño del gallinazo; sostiene la tapada-gallinaza de la chacana (r-velazquez)."
"3.4 · Vargas — Taqui Onkoy","Taqui Onkoy (Javi Vargas Sotomayor)","utilizada","Santacruz Pachacuti - Relación de antigüedades deste reyno del Piru (ca. 1613)","externa","no","Fuente colonial de la cita del panel; Vargas la toma del Museo Travesti, no de la crónica: cita una cita (r-pachacuti, rf-taki)."
"3.4 · Vargas — Taqui Onkoy","Taqui Onkoy (Javi Vargas Sotomayor)","utilizada","Expediente judicial colonial contra Francisco Pro (transcrito en Museo Travesti)","externa","no","El documento dice «vergüenza pública» y tijera, no plumas; la divergencia con la emplumación es el hallazgo, no un error (r-pro, rf-franciscopro)."
"3.4 · Vargas — Taqui Onkoy","Taqui Onkoy (Javi Vargas Sotomayor)","utilizada","Vargas - blog javivargas.blogspot.com","externa","no","Entradas del artista (La Falsificación de las Túpac, Letanías doradas, Arqueo-astronomía, Historia épica); leer directo, pendiente (r-blog)."
"3.4 · Vargas — Taqui Onkoy","Taqui Onkoy (Javi Vargas Sotomayor)","utilizada","«Trabestia: Javi Vargas, Sergio Zevallos, Elan Dorphium» [Artishock, 2020]","externa","no","Conversación en plena producción de la chacana; Zevallos propuso trabajar El sueño del pongo en la residencia de 2013 (r-artishock)."
"3.4 · Vargas — Taqui Onkoy","Taqui Onkoy (Javi Vargas Sotomayor)","utilizada","Vargas - obras 2020-2021 (Pedazos del cielo de Lima; Campos de luciérnagas)","externa","no","Obras que enmarcan la pandemia y las luciérnagas; fichas por confirmar (r-pandemia)."
"3.4 · Vargas — Taqui Onkoy","Taqui Onkoy (Javi Vargas Sotomayor)","sugerida","Campuzano - Transvestite Museum of Peru [EN, introducción de Miguel A. López].md","Fuentes JV","sí","No usada: la edición inglesa añade una introducción inédita de Miguel López al Museo Travesti que el análisis ya explota (complementa r-campuzano, rf-libro-maqueta)."
"3.4 · Vargas — Taqui Onkoy","Taqui Onkoy (Javi Vargas Sotomayor)","sugerida","Registro - Javi Vargas narra Takion Hoy, Chuki Chinchai y La mala muerte (2021), 31 de octubre.txt","Fuentes JV","sí","No usada: segunda transcripción de la narración del 31 oct; sirve para cotejar el ASR roto que el propio documento marca como no fiable (apoya r-recorrido, cotejar)."
"3.4 · Vargas — Taqui Onkoy","Taqui Onkoy (Javi Vargas Sotomayor)","sugerida","Sedgwick - Paranoid Reading and Reparative Reading","Teoría","sí","Lectura reparativa: da nombre al método no-desenmascarador de Roper y al 8.5 del análisis (falta / rf-roper)."
"3.4 · Vargas — Taqui Onkoy","Taqui Onkoy (Javi Vargas Sotomayor)","sugerida","Keane - On Semiotic Ideology (2018)","Teoría","sí","Marco del par régimen / ideología semiótica que el análisis declara en riesgo de colapso (riesgo declarado)."
"3.4 · Vargas — Taqui Onkoy","Taqui Onkoy (Javi Vargas Sotomayor)","sugerida","Nakassis - A Linguistic Anthropology of Images (2023)","Teoría","sí","Semiótica de la imagen para sostener la lectura indexical del díptico 120/170."
"3.4 · Vargas — Taqui Onkoy","Taqui Onkoy (Javi Vargas Sotomayor)","sugerida","Stjernfelt - Diagrammatology (2007)","Teoría","sí","La chacana como diagrama cosmológico: apoya la «demanda hipoicónica» del análisis."
"3.4 · Vargas — Taqui Onkoy","Taqui Onkoy (Javi Vargas Sotomayor)","sugerida","Richard - La insubordinación de los signos","Teoría","sí","Poéticas de la crisis y del signo: el travestismo como insubordinación semiótica."
"3.4 · Vargas — Taqui Onkoy","Taqui Onkoy (Javi Vargas Sotomayor)","sugerida","Richard - Fracturas de la memoria. Arte y pensamiento crítico (2007)","Teoría","sí","Arte, memoria y crítica en la poscrisis latinoamericana; encuadra VIH, duelo y desacato."
"3.4 · Vargas — Taqui Onkoy","Taqui Onkoy (Javi Vargas Sotomayor)","sugerida","Rancière - El reparto de lo sensible. Estética y política (2014)","Teoría","sí","Reparto estético-político: qué se vuelve visible o decible dentro del circuito."
"3.4 · Vargas — Taqui Onkoy","Taqui Onkoy (Javi Vargas Sotomayor)","sugerida","Enwezor - The Postcolonial Constellation","Teoría","sí","Arte contemporáneo poscolonial en transición permanente; marco decolonial del giro."
"3.4 · Vargas — Taqui Onkoy","Taqui Onkoy (Javi Vargas Sotomayor)","sugerida","Giunta - Cuando empieza el arte contemporáneo (2014)","Teoría","sí","Temporalidad y vanguardia; ancla teóricamente la Sedición onírica de Carvajal."
"3.4 · Vargas — Taqui Onkoy","Taqui Onkoy (Javi Vargas Sotomayor)","sugerida","Bourdieu - The Field of Cultural Production","Teoría","sí","Campo y consagración: la lógica del premio, el jurado y la acumulación por rescate."
"3.4 · Vargas — Taqui Onkoy","Taqui Onkoy (Javi Vargas Sotomayor)","sugerida","Foucault - Verdad y poder [Microfísica del poder]","Teoría","sí","Régimen de verdad y mandato; poder colonial de la extirpación y la pena pública."
"3.4 · Vargas — Taqui Onkoy","Taqui Onkoy (Javi Vargas Sotomayor)","sugerida","VVAA - Memorias del subdesarrollo. Arte y el giro descolonial en América Latina 1960-1985","Cap 2 - Historia","sí","Marco canónico del giro descolonial latinoamericano que el capítulo invoca."
"3.4 · Vargas — Taqui Onkoy","Taqui Onkoy (Javi Vargas Sotomayor)","sugerida","Germaná y Portocarrero - The «Indigenous turn» and the rise of Amazonian art (2026)","Cap 2 - Historia","sí","El giro indígena-amazónico por el que el comité del MALI clasifica a Vargas en el lote de 2022 (rf-lote2022)."
"3.4 · Vargas — Taqui Onkoy","Taqui Onkoy (Javi Vargas Sotomayor)","sugerida","Flynn, Iñigo Clavo, Lemos y Portocarrero - Artistic practice and the unmaking of coloniality (2026)","Cap 2 - Historia","sí","Práctica artística y descolonialidad; marco del volumen Unmaking to Make."
"3.4 · Vargas — Taqui Onkoy","Taqui Onkoy (Javi Vargas Sotomayor)","sugerida","Kusunoki y Lerner - Reconsidering the «art museum». MALI collections (2026)","Cap 2 - Historia","sí","Historia de las colecciones del MALI: contexto directo de la adquisición de Vargas (rf-mali)."
"3.4 · Vargas — Taqui Onkoy","Taqui Onkoy (Javi Vargas Sotomayor)","sugerida","Lerner - Formando la colección de arte contemporáneo del MALI (2013)","Cap 2 - Historia","sí","Criterio del comité de adquisiciones contemporáneas del MALI que compra la serie de 2006."
"3.4 · Vargas — Taqui Onkoy","Taqui Onkoy (Javi Vargas Sotomayor)","sugerida","Borea - Configuring the New Lima Art Scene (2021)","Cap 2 - Historia","sí","Fuente de «lo político sin política» y la acumulación por rescate que estructuran el análisis (n-cap2, d-politico)."
"3.4 · Vargas — Taqui Onkoy","Taqui Onkoy (Javi Vargas Sotomayor)","sugerida","López, Miguel A. (ed.) - Hay algo incomestible en la garganta. Poéticas antipatriarcales y nueva escena en los años noventa (2021)","Cap 2 - Historia","sí","Escena queer/antipatriarcal de los noventa en que se forma Vargas; López como lector recurrente."
"3.4 · Vargas — Taqui Onkoy","Taqui Onkoy (Javi Vargas Sotomayor)","sugerida","Mitrovic - Extravíos de la forma. Vanguardia, modernismo popular y arte contemporáneo en Lima desde los 60 (2019)","Cap 2 - Historia","sí","Vanguardia y modernismo popular limeño; contexto histórico de la forma-chacana y del pachakuti."
"3.4 · Vargas — Taqui Onkoy","Taqui Onkoy (Javi Vargas Sotomayor)","sugerida","Ministerio de Cultura - Contemporáneos. Cinco mil años de visualidad peruana (2019)","Cap 2 - Historia","sí","Enmarque estatal del Perú indígena/contemporáneo; útil para el eje descolonial y de mercado."
